company_id,name,search_rating,review_count,overall_rating,복지/급여,워라밸,사내문화,승진 기회,경영진,기업 추천율,CEO 지지율,성장 가능성,검색기업명
251984,(주)에스케어,2.4,12,2.4,2.3,2.0,2.3,2.6,1.9,42%,33%,0%,에스케어
121188,나인팜스(주),2.0,4,2.0,1.3,2.8,1.8,2.3,1.5,0%,25%,0%,나인팜스
203029,해오름종합건설(주),0.0,0,0.0,0.0,0.0,0.0,0.0,0.0,0%,0%,0%,해오름종합건설
463672,(주)소클,2.0,1,2.0,2.0,4.0,2.0,2.0,2.0,0%,0%,0%,소클
190942,건축사사무소테트라아키텍트(주),1.0,1,1.0,2.0,2.0,2.0,1.0,1.0,0%,0%,0%,건축사사무소테트라아키텍트
377081,(주)피스마이너스원,3.0,1,3.0,4.0,3.0,3.0,3.0,2.0,0%,0%,0%,이너스원
103509,천마이앤씨(주),2.8,4,2.8,1.8,1.8,2.5,3.3,2.5,0%,25%,0%,천마이앤씨
357442,(주)더블유지우리조트,2.5,4,2.5,2.3,3.0,2.8,2.3,2.5,25%,50%,0%,더블유지우리조트
453095,메디슨컴패니언(주),5.0,1,5.0,3.0,2.0,5.0,1.0,5.0,100%,100%,0%,메디슨컴패니언
315298,만경기술공사(주),2.4,7,2.4,2.7,2.7,2.4,3.0,3.0,29%,50%,14%,만경
383212,일진하이솔루스(주),2.3,60,2.3,2.4,2.2,2.2,1.9,1.7,23%,17%,23%,하이솔
442817,(주)세계로유통 안산역점,5.0,1,5.0,3.0,3.0,5.0,3.0,3.0,0%,100%,0%,세계로유통안산역점
321109,(주)메가럭,1.9,7,1.9,2.1,2.3,1.3,1.4,1.4,0%,14%,0%,메가럭
7486,다올투자증권(주),2.9,136,2.9,3.0,3.0,2.6,3.0,2.2,32%,37%,16%,다올
237891,이피네트웍스(주),0.0,0,0.0,0.0,0.0,0.0,0.0,0.0,0%,0%,0%,이피네트웍스
25343,스타알테크놀러지스코리아(유),2.5,2,2.5,2.0,2.5,2.5,2.5,2.5,50%,100%,0%,스타알테크놀러지스코리아
29349,삼흥산업(주),3.0,1,3.0,1.0,2.0,3.0,2.0,2.0,0%,0%,0%,삼흥산업
195310,서도건설(주),0.0,0,0.0,0.0,0.0,0.0,0.0,0.0,0%,0%,0%,서도건설
137008,엔티텔레콤(주),0.0,0,0.0,0.0,0.0,0.0,0.0,0.0,0%,0%,0%,엔티텔레콤
75065,(주)브이엠에스솔루션스,3.4,57,3.4,4.0,3.5,3.1,3.5,3.0,54%,82%,25%,브이엠에스
115468,우신토건(주),0.0,0,0.0,0.0,0.0,0.0,0.0,0.0,0%,0%,0%,우신토건
179733,부성전력(주),0.0,0,0.0,0.0,0.0,0.0,0.0,0.0,0%,0%,0%,부성전력
119218,두두인터내셔널(주),5.0,1,5.0,5.0,3.0,4.0,4.0,5.0,100%,100%,100%,두두인터내셔널
322154,(주)라운드미디어,3.1,19,3.1,2.5,3.4,3.3,2.5,2.2,21%,32%,11%,라운드미디어
75359,부광전자,0.0,0,0.0,0.0,0.0,0.0,0.0,0.0,0%,0%,0%,부광전자
455928,(주)페르세우스그룹,5.0,1,5.0,5.0,5.0,5.0,5.0,5.0,100%,100%,100%,페르세우스
398947,에스엔디엠(주),2.0,1,2.0,1.0,2.0,2.0,1.0,1.0,0%,0%,0%,에스엔디엠
332634,우이신설경전철운영(주),1.4,22,1.4,1.2,3.0,2.0,1.5,1.3,5%,5%,0%,우이신설경전철운영
65794,에스엘텍비즈(주),3.5,2,3.5,3.0,3.0,3.0,3.0,4.0,0%,100%,0%,에스엘텍
274772,해강종합건설(주),0.0,0,0.0,0.0,0.0,0.0,0.0,0.0,0%,0%,0%,해강종합건설
269531,대일티이씨(주),0.0,0,0.0,0.0,0.0,0.0,0.0,0.0,0%,0%,0%,대일티이씨
372420,(주)오디아이,1.9,8,1.9,1.8,1.5,2.3,2.0,1.9,0%,0%,0%,오디아이
88435,(주)에스티유니타스,2.5,1545,2.5,2.2,2.3,2.9,2.6,2.2,23%,33%,18%,유니타스
157902,엘피스산업개발(주),3.0,2,3.0,2.5,3.5,2.5,3.5,2.5,0%,100%,0%,엘피스산업개발
162091,삼성특수강(주),0.0,0,0.0,0.0,0.0,0.0,0.0,0.0,0%,0%,0%,삼성특수강
334879,찰스앤키스사우스코리아(유),2.3,69,2.3,1.9,2.3,2.3,2.3,2.0,16%,32%,6%,찰스
41830,(주)싱그린에프에스,2.4,21,2.4,2.0,2.9,3.1,2.7,2.9,33%,62%,48%,싱그린에프에스
59425,은진캐미컬,1.9,10,1.9,1.6,2.0,1.6,1.8,1.5,10%,10%,10%,은진
327597,(주)더큐브시스템,1.3,19,1.3,1.4,1.8,1.5,1.5,1.1,0%,5%,0%,큐브시스템
372671,(주)길상엔지니어링,1.0,2,1.0,1.0,1.0,1.5,2.0,1.0,0%,0%,0%,길상엔지니어링
26122,소유브랜딩,4.7,3,4.7,4.0,4.7,4.7,3.7,4.7,100%,100%,100%,소유브랜딩
456787,(주)코익스텍,5.0,1,5.0,4.0,5.0,4.0,5.0,5.0,100%,100%,100%,코익스텍
249644,경주법주(주),3.0,11,3.0,3.0,3.0,2.7,2.4,2.3,45%,45%,9%,경주법주
111006,명성이렉트릭(주),0.0,0,0.0,0.0,0.0,0.0,0.0,0.0,0%,0%,0%,명성이렉트릭
66895,알투소프트,2.1,20,2.1,1.7,2.5,2.5,2.8,2.1,20%,16%,0%,알투소프트
60586,위즈네트(주),3.4,32,3.4,3.1,4.3,3.5,2.7,2.3,50%,52%,25%,위즈네트
406748,(주)더리서치컴퍼니,2.5,2,2.5,2.0,1.0,2.0,2.0,1.5,0%,0%,0%,더리서치컴퍼니
137775,(주)세븐컴퍼니,2.3,28,2.3,1.5,3.6,2.9,1.7,1.8,11%,18%,0%,세븐컴퍼니
169947,신성토건(주),1.0,2,2.0,4.0,2.0,1.5,2.5,2.0,0%,0%,0%,신성토건
359689,(주)에스엔컴퍼니그룹,2.3,4,2.3,2.0,2.0,2.0,1.8,2.3,25%,50%,0%,에스엔컴퍼니그룹
15955,원우이에프엔지니어링(주),3.0,1,3.0,3.0,3.0,4.0,3.0,3.0,0%,100%,0%,원우이에프엔지니어링
390182,(주)경인금속열처리,5.0,1,5.0,4.0,2.0,4.0,4.0,4.0,100%,100%,100%,경인금속열처리
276654,대석프로토(주),1.7,11,1.7,2.3,1.5,1.6,1.7,1.5,0%,18%,18%,대석프로토
194850,영진글로벌미트(주),0.0,0,0.0,0.0,0.0,0.0,0.0,0.0,0%,0%,0%,영진글로벌미트
60591,위저드정보시스템,3.0,3,3.0,2.3,1.7,3.0,3.0,3.0,67%,100%,33%,위저드정보시스템
79413,(주)디케이아이테크놀로지,2.8,142,2.8,2.3,2.8,2.5,3.0,2.2,30%,38%,18%,케이아이테크
162034,(주)해송케이엔에스,1.8,4,1.8,2.0,2.0,2.3,1.5,1.8,0%,0%,0%,해송케이엔에스
214230,이레전자(주),1.9,14,1.9,1.8,1.5,1.6,1.9,1.5,14%,21%,14%,이레전자
358904,(주)위너스비디지,2.5,2,2.5,1.5,2.5,2.5,2.0,2.5,0%,50%,0%,위너스비디지
366182,(주)윈가람,1.0,4,1.0,1.0,1.3,3.0,1.0,1.0,0%,0%,0%,윈가람
154868,풍산건설(주),2.8,5,2.8,1.6,2.6,2.4,3.2,2.6,20%,20%,0%,풍산건설
63739,(주)엠디에스코리아,2.9,63,2.9,2.6,3.1,2.5,3.0,2.3,40%,61%,17%,엠디에스코리아
13487,이화다이아몬드공업(주),2.4,386,2.4,2.6,2.7,2.3,2.1,2.0,24%,25%,6%,이화
87017,몰텍스(주),2.3,40,2.3,2.8,2.1,2.2,2.3,2.0,23%,33%,30%,몰텍스
157205,농업회사법인송산(주),1.8,22,1.8,1.5,1.5,1.4,2.0,1.7,9%,18%,5%,송산
126522,영성전력(주),0.0,0,0.0,0.0,0.0,0.0,0.0,0.0,0%,0%,0%,영성전력
85158,(주)국보디자인,2.2,535,2.2,2.6,1.4,1.8,2.6,1.9,19%,31%,27%,국보디자인
200682,(주)비젼테크,1.5,31,1.5,1.5,1.7,1.9,2.5,1.6,13%,13%,10%,비젼테크
171540,아주녹화개발(주),0.0,0,0.0,0.0,0.0,0.0,0.0,0.0,0%,0%,0%,아주녹화개발
379813,오엔정보통신(주),1.5,2,1.5,1.5,3.0,1.5,2.0,1.5,0%,0%,0%,오엔정보통신
285954,한스코퍼레이션(주),4.0,4,4.0,4.0,3.8,3.5,3.0,3.3,75%,50%,0%,한스코퍼레이션
163040,염창산업(유),0.0,0,0.0,0.0,0.0,0.0,0.0,0.0,0%,0%,0%,염창산업
107454,케이엔에스에듀(주),2.3,32,2.3,2.5,1.8,1.8,2.5,1.8,13%,28%,13%,케이엔에스
318668,(주)노니투어,1.7,7,1.7,1.3,1.7,1.7,1.7,1.3,0%,29%,0%,노니투어
159937,미도플랜(주),0.0,0,0.0,0.0,0.0,0.0,0.0,0.0,0%,0%,0%,미도플랜
300619,무명볼트공업(주),0.0,0,0.0,0.0,0.0,0.0,0.0,0.0,0%,0%,0%,무명볼트공업
149097,써브마린나인(주),0.0,0,0.0,0.0,0.0,0.0,0.0,0.0,0%,0%,0%,써브마린나인
215332,신한월드(주),3.0,3,3.0,2.7,3.3,2.3,2.0,2.7,67%,67%,33%,신한월드
365546,(주)코비마운틴,3.8,5,3.8,3.4,3.6,3.2,3.4,4.0,80%,100%,40%,코비마운틴
399053,(주)건우엔지니어링건축사사무소,4.0,2,4.0,4.0,3.5,3.0,3.5,4.5,50%,100%,0%,건우엔지니어링건축사사무소
67144,SOOP,2.8,514,2.8,2.8,2.8,2.7,2.8,2.3,37%,44%,27%,나우
102599,부영건업(주),0.0,0,0.0,0.0,0.0,0.0,0.0,0.0,0%,0%,0%,부영건업
187348,범진건설(주),0.0,0,0.0,0.0,0.0,0.0,0.0,0.0,0%,0%,0%,범진건설
237379,영경테크(주),0.0,0,0.0,0.0,0.0,0.0,0.0,0.0,0%,0%,0%,영경테크
175187,(주)비티에스이엔지,3.0,1,3.0,3.0,2.0,3.0,3.0,3.0,0%,100%,100%,비티에스이엔지
64364,(주)엔에스브이,3.3,26,3.3,3.6,2.5,2.9,3.1,3.0,54%,76%,31%,엔에스브이
135768,(주)디엔아이씨,3.1,27,3.1,2.8,3.1,3.0,2.6,2.9,56%,59%,15%,디엔아이
340689,(주)태오로지스,2.0,4,2.0,2.3,2.3,1.0,1.8,1.5,25%,25%,0%,태오로지스
322393,(재)사랑의장기기증운동본부,1.8,27,1.8,2.2,2.6,1.6,2.0,1.4,11%,11%,0%,사랑의장기기증운동본부
303323,에덴산업(주),0.0,0,0.0,0.0,0.0,0.0,0.0,0.0,0%,0%,0%,에덴산업
37474,동양철관(주),2.7,77,2.7,2.7,2.8,2.3,2.5,2.1,19%,40%,6%,동양철관
332299,(주)장흥비아이티,1.4,11,1.4,1.3,1.2,1.2,1.4,1.5,0%,18%,0%,장흥
390342,(주)에이올코리아,2.3,12,2.3,2.6,3.3,2.1,2.2,1.7,33%,17%,8%,에이올코리아
183852,늘푸른조경(주),0.0,0,0.0,0.0,0.0,0.0,0.0,0.0,0%,0%,0%,늘푸른조경
210205,한빛테크원(주),3.5,2,3.5,2.0,2.0,2.5,3.0,3.0,50%,50%,0%,한빛테크
51832,(주)태성정보통신,0.0,0,0.0,0.0,0.0,0.0,0.0,0.0,0%,0%,0%,태성정보통신
457157,(주)제이현정보시스템,0.0,0,0.0,0.0,0.0,0.0,0.0,0.0,0%,0%,0%,이현정보시스템
347429,(주)엔지티씨엔씨,1.5,4,1.5,1.8,2.5,1.8,2.3,1.5,0%,0%,0%,엔지티씨엔씨
254190,진성종합식품(주),1.0,1,1.0,1.0,2.0,3.0,3.0,1.0,0%,0%,0%,진성종합식품
200649,효성산업개발(주),4.0,1,4.0,3.0,4.0,3.0,4.0,3.0,0%,100%,0%,효성산업개발
201020,광민건설(주),0.0,0,0.0,0.0,0.0,0.0,0.0,0.0,0%,0%,0%,광민건설
214076,신진텍스(주),1.2,9,1.2,1.4,1.4,1.0,1.7,1.2,0%,11%,0%,신진텍스
194318,우성오토콘(주),2.1,32,2.1,2.4,1.8,2.2,2.3,2.1,13%,41%,13%,오토콘
420917,(주)파주비앤알,3.0,1,3.0,3.0,4.0,2.0,3.0,2.0,0%,0%,0%,파주비앤알
130598,다이헨한국(주),3.0,6,3.0,3.0,3.8,2.5,1.8,1.7,33%,33%,0%,다이헨한국
322933,이현정보기술(주),3.0,1,3.0,4.0,3.0,3.0,3.0,3.0,0%,0%,0%,이현정보기술
419911,에이치디정공(주),3.5,2,3.5,3.0,3.0,3.0,3.0,3.0,100%,100%,0%,에이치디정공
75507,(주)비티원,2.4,58,2.4,2.1,2.5,2.5,2.6,2.4,17%,31%,5%,비티원
376064,(주)지아이비타,2.3,42,2.3,2.8,3.2,2.4,2.3,1.7,17%,31%,10%,지아이비타
284915,보성가스텍(주),0.0,0,0.0,0.0,0.0,0.0,0.0,0.0,0%,0%,0%,보성가스
411272,아너스피플(주),3.8,24,3.8,2.9,3.6,3.3,2.3,2.9,46%,50%,13%,아너스피플
241013,새중앙토건(주),3.0,1,3.0,2.0,3.0,3.0,1.0,2.0,0%,0%,0%,중앙토건
376364,(주)미토이뮨테라퓨틱스,0.0,0,0.0,0.0,0.0,0.0,0.0,0.0,0%,0%,0%,미토이뮨테라퓨틱스
157630,티피에스코리아(주),2.0,8,2.0,2.1,1.8,2.3,2.1,1.6,13%,0%,0%,티피에스코리아
446398,밸류플러스테크놀러지(주),3.0,1,3.0,3.0,1.0,1.0,2.0,1.0,0%,0%,0%,밸류플러스테크놀러지
159754,화승산업개발(주),0.0,0,0.0,0.0,0.0,0.0,0.0,0.0,0%,0%,0%,화승산업
264327,디자인일상(주),2.2,6,2.2,2.3,2.5,2.3,2.7,2.2,33%,33%,33%,디자인일상
179162,강남건설(주),3.0,4,3.0,3.5,3.3,2.5,2.8,2.8,25%,25%,25%,강남건설
265654,서안종합건설(유),1.0,1,1.0,1.0,1.0,1.0,1.0,1.0,0%,0%,0%,서안종합건설
224149,아이앤케이신항만(주),2.2,10,2.2,2.3,2.8,2.5,1.8,2.1,30%,20%,10%,아이앤케이신항만
451342,(주)스탠다드컴퍼니,2.1,7,2.0,2.9,3.0,2.0,2.6,1.9,14%,14%,0%,스탠다드컴퍼니
297336,프로콘시스템(주),0.0,0,0.0,0.0,0.0,0.0,0.0,0.0,0%,0%,0%,프로콘시스템
278989,자승건설(주),2.0,2,2.0,1.0,3.5,3.0,3.5,1.0,0%,0%,0%,자승
63659,(주)엠쓰리모바일,2.3,132,2.3,2.0,2.8,2.4,2.4,1.8,17%,20%,5%,리모
62795,예선테크(주),2.5,45,2.5,2.2,2.5,2.6,2.6,2.6,33%,64%,11%,선테크
133554,대한에프앤비(주),0.0,0,0.0,0.0,0.0,0.0,0.0,0.0,0%,0%,0%,대한에프앤비
105722,선우실업(주),2.4,76,2.4,2.0,2.7,2.2,2.3,2.0,17%,32%,12%,선우
296231,대성테크놀러지(주),2.0,1,2.0,1.0,3.0,3.0,3.0,3.0,0%,0%,0%,대성테크놀러지
82898,다산네트웍스(주),2.5,143,2.5,2.1,2.7,2.6,2.5,1.9,23%,33%,10%,다산네트웍스
280545,(주)코리아바이오믹스,0.0,0,0.0,0.0,0.0,0.0,0.0,0.0,0%,0%,0%,코리아바이오믹스
174896,종합건축사사무소에이치앤티(주),3.0,1,3.0,3.0,3.0,1.0,1.0,2.0,100%,0%,0%,종합건축사사무소에이치앤티
435804,(주)인터웰푸드시스템,3.0,1,3.0,2.0,3.0,2.0,2.0,2.0,0%,0%,0%,인터웰푸드시스템
61303,우진이엔지,2.0,1,2.0,1.0,2.0,1.0,1.0,1.0,0%,0%,0%,우진이엔지
50063,(주)포유디지탈,2.8,60,2.8,2.4,2.9,2.6,2.9,2.4,43%,51%,43%,유디지
445216,하늘채마트,5.0,1,5.0,4.0,5.0,5.0,5.0,5.0,100%,100%,100%,하늘채
372662,신성켐텍(주),1.0,2,1.0,1.5,1.0,2.5,1.5,1.0,0%,0%,0%,신성켐텍
79602,디웰테크,0.0,0,0.0,0.0,0.0,0.0,0.0,0.0,0%,0%,0%,디웰테크
20159,에이치앤피시스템(주),2.7,3,2.7,1.7,3.0,2.7,2.7,2.0,33%,50%,33%,더후
222612,삼영화성공업(주),3.4,7,3.4,2.3,4.0,3.1,3.0,2.9,71%,14%,0%,화성공업
164198,디엠아이씨(주),0.0,0,0.0,0.0,0.0,0.0,0.0,0.0,0%,0%,0%,디엠아이씨
337104,(주)테네터스,2.1,67,2.1,2.1,2.7,2.2,2.1,1.9,22%,30%,27%,엠투에스
124888,대호산업(주),2.2,5,2.2,3.0,2.4,1.6,2.2,1.8,0%,20%,0%,대호산업
185841,청조해운항공(주),2.2,12,2.2,1.8,3.1,2.5,2.4,1.9,17%,17%,0%,청조해운항공
88795,청주시시설관리공단,2.6,27,2.6,2.2,3.3,2.7,2.1,2.3,26%,42%,7%,청주시시설관리공단
325842,(주)현대웰슨,2.9,13,2.9,3.0,3.7,2.5,2.1,2.2,46%,38%,15%,현대웰슨
189009,비앤비스틸(주),2.7,3,2.7,2.0,1.7,1.7,2.0,1.7,0%,0%,0%,비앤비스틸
165559,대주전기(주),0.0,0,0.0,0.0,0.0,0.0,0.0,0.0,0%,0%,0%,대주전기
114081,현대에이디엠바이오(주),2.5,156,2.5,2.6,2.3,2.3,2.7,2.1,29%,37%,14%,이디엠코리아
330053,기아스포츠문화센터광주점,2.0,1,2.0,1.0,3.0,2.0,3.0,1.0,0%,0%,0%,기아스포츠문화센터
223550,영우건설(주),0.0,0,0.0,0.0,0.0,0.0,0.0,0.0,0%,0%,0%,영우건설
386760,한국원양산업협회,0.0,0,0.0,0.0,0.0,0.0,0.0,0.0,0%,0%,0%,원양산업
375741,디에스이테크(주),2.1,15,2.1,1.9,3.5,2.3,1.8,1.7,13%,20%,7%,에스이테크
80853,(주)동성식품,3.0,7,3.0,2.7,4.0,3.1,2.4,3.1,29%,43%,57%,동성식품
44460,구포국수,0.0,0,0.0,0.0,0.0,0.0,0.0,0.0,0%,0%,0%,구포국수
59333,(주)이노룰스,3.4,35,3.4,3.2,3.9,3.2,3.5,3.1,66%,75%,37%,이노룰스
117526,대건아이앤에프(주),3.5,2,3.5,3.5,4.0,3.0,3.5,3.5,50%,50%,0%,대건아이앤에프
351872,(주)에이티비앤컴퍼니,2.4,8,2.4,1.9,1.6,2.1,2.3,2.0,13%,38%,0%,티비앤
303795,트라이얼정보통신(주),3.0,3,3.0,3.0,3.0,2.0,2.7,2.3,33%,67%,0%,트라이얼정보통신
396962,한가득영농회(주),1.9,15,1.9,2.0,2.4,2.1,1.9,1.8,20%,33%,7%,시골
141595,리드팜(주),2.3,13,2.3,1.8,3.1,2.2,2.2,2.0,15%,15%,8%,리드팜
338156,(주)주안시스템,3.0,1,3.0,3.0,3.0,3.0,4.0,4.0,100%,100%,0%,주안시스템
319300,인디라인(주),3.5,13,3.5,3.0,3.0,3.7,3.6,2.8,31%,23%,15%,인디라인
344619,(주)유석철강 청주지점,1.0,10,1.0,1.4,2.0,1.3,1.4,1.0,0%,20%,0%,유석철강청주지점
149891,태건건설(주),0.0,0,0.0,0.0,0.0,0.0,0.0,0.0,0%,0%,0%,태건건설
100195,해들우리농산(주),1.0,2,1.0,1.0,1.0,1.0,1.0,1.0,0%,0%,0%,우리농산
180537,프레쉬팜(주),4.0,1,4.0,3.0,3.0,4.0,4.0,4.0,0%,0%,0%,프레쉬팜
318458,(주)아람코코리아,2.8,12,2.8,2.5,3.4,2.8,2.8,2.6,17%,50%,8%,아람코코리아
281614,신영스텐(주),2.5,2,2.5,2.0,2.0,1.0,3.5,2.5,50%,50%,50%,신영스텐
363475,(주)젠스템,3.7,3,3.7,3.7,2.7,3.0,3.0,3.7,67%,67%,67%,젠스템
9981,지에스건설(주),3.2,830,3.2,3.2,3.1,3.2,2.7,2.4,46%,34%,15%,지에스건설
404232,오토텔릭바이오(주),3.0,2,3.0,3.0,5.0,2.5,4.0,3.0,0%,0%,0%,오토텔릭바이오
228073,하랑커뮤니케이션(주),2.0,1,2.0,2.0,1.0,1.0,3.0,3.0,0%,0%,0%,하랑커뮤니케이션
353672,한국한의약진흥원,2.8,106,2.8,2.2,3.8,2.7,2.0,2.3,42%,35%,9%,한국한의약진흥원
108106,대도철강(주),0.0,0,0.0,0.0,0.0,0.0,0.0,0.0,0%,0%,0%,대도철강
295869,해성이엔지(주),0.0,0,0.0,0.0,0.0,0.0,0.0,0.0,0%,0%,0%,해성이엔지
295612,(주)지씨,3.8,36,3.8,3.3,3.7,3.7,3.8,3.4,69%,89%,61%,씨에스씨
467423,(주)광양벤딩,0.0,0,0.0,0.0,0.0,0.0,0.0,0.0,0%,0%,0%,광양벤딩
189261,피와이씨인터내셔널(주),2.0,2,2.0,2.0,4.0,2.0,2.0,2.0,0%,50%,0%,피와이씨인터내셔널
263245,에스티산업개발(주),1.0,2,1.0,1.0,1.0,1.0,1.0,3.0,0%,0%,0%,에스티산업개발
69946,신영하이테크(주),2.0,33,2.0,1.8,1.5,2.1,1.9,1.9,6%,23%,6%,신영하이테크
217765,그레이팅코리아(주),3.0,2,3.0,1.5,4.0,2.5,1.5,2.0,50%,50%,0%,그레이팅코리아
318436,(주)골드플레이트,2.8,66,2.8,2.4,3.1,3.3,2.5,2.4,32%,36%,14%,골드플레이트
286355,하나철강(주),0.0,0,0.0,0.0,0.0,0.0,0.0,0.0,0%,0%,0%,하나철강
154335,리베로인터내셔날(주),2.0,1,2.0,3.0,2.0,3.0,3.0,2.0,0%,0%,0%,리베로인터내셔날
402780,(주)에프알에스아이,1.5,2,1.5,1.0,2.0,2.0,1.0,1.5,0%,50%,0%,에프알에스아이
397015,(주)바능,0.0,0,0.0,0.0,0.0,0.0,0.0,0.0,0%,0%,0%,바능
202762,대양전자(주),1.5,4,1.5,1.3,1.3,1.0,1.5,1.3,0%,50%,0%,대양전자
318647,코리아비즈니스센타(주),3.0,2,3.0,2.0,2.5,3.0,2.0,3.0,50%,50%,0%,코리아비즈니스센타
221289,원창기업(주),0.0,0,0.0,0.0,0.0,0.0,0.0,0.0,0%,0%,0%,원창기업
46437,갓바위식품(주),1.0,1,1.0,2.0,2.0,3.0,1.0,3.0,0%,0%,0%,갓바위
53532,케이알테크,4.0,2,4.0,3.0,4.5,3.5,3.0,3.5,50%,50%,50%,케이알테크
362416,(주)이엔캐스트,4.3,7,4.3,4.1,4.0,4.0,4.4,4.4,86%,100%,43%,이엔캐스트
198430,우림레미콘산업(주),0.0,0,0.0,0.0,0.0,0.0,0.0,0.0,0%,0%,0%,우림레미콘산업
429125,뷔오디엠,4.0,1,4.0,4.0,5.0,5.0,5.0,4.0,100%,100%,100%,오디엠
293028,송현인베스트먼트(주),0.0,0,0.0,0.0,0.0,0.0,0.0,0.0,0%,0%,0%,송현인베스트먼트
391041,동아송강회계법인,2.5,6,2.5,2.3,2.2,2.5,2.5,2.5,33%,50%,17%,동아송강회계법인
83580,(주)넥스모어시스템즈,3.3,32,3.3,2.5,3.2,3.5,3.2,3.0,41%,71%,19%,모어시스템
319358,서울옥션블루(주),2.1,61,2.1,1.9,2.6,2.1,2.2,2.1,23%,41%,16%,서울옥션블루
146425,다원엔지니어링(주),1.1,10,1.1,1.2,1.1,1.3,1.2,1.1,0%,0%,0%,다원엔지니어링
48136,한영정공,2.0,1,2.0,2.0,4.0,3.0,3.0,3.0,0%,100%,0%,한영정공
72659,선프라텍,2.0,1,2.0,2.0,1.0,2.0,2.0,2.0,0%,0%,0%,선프라텍
8779,천우모터스(주),2.2,31,2.2,2.1,2.7,2.0,2.4,1.7,13%,27%,6%,천우
257243,진양에스엔지(주),0.0,0,0.0,0.0,0.0,0.0,0.0,0.0,0%,0%,0%,진양에스엔지
62092,올베스,0.0,0,0.0,0.0,0.0,0.0,0.0,0.0,0%,0%,0%,올베스
147080,우리플라(주),2.5,4,2.5,2.3,1.8,2.8,2.3,1.5,0%,25%,0%,우리플라
262129,삼인건설(주),0.0,0,0.0,0.0,0.0,0.0,0.0,0.0,0%,0%,0%,삼인건설
223614,(주)동일씨앤이,2.1,4,1.5,2.5,1.0,1.0,2.3,1.3,0%,0%,0%,동일씨앤이
120292,영농조합법인은정원,0.0,0,0.0,0.0,0.0,0.0,0.0,0.0,0%,0%,0%,영농조합법인은정원
417445,승원건설(주),3.0,1,3.0,2.0,3.0,3.0,3.0,3.0,0%,0%,0%,승원건설
222083,건아건설중기(주),0.0,0,0.0,0.0,0.0,0.0,0.0,0.0,0%,0%,0%,건아건설
323992,아이비이엔지,0.0,0,0.0,0.0,0.0,0.0,0.0,0.0,0%,0%,0%,아이비이엔지
143002,청성이엔씨(주),0.0,0,0.0,0.0,0.0,0.0,0.0,0.0,0%,0%,0%,청성이엔씨
213290,피앤디솔루션(주),3.5,2,3.5,3.5,3.5,3.0,4.0,3.0,100%,100%,50%,피앤디솔루션
135189,오투엠(주),0.0,0,0.0,0.0,0.0,0.0,0.0,0.0,0%,0%,0%,오투엠
363169,(주)지비엠에스,2.0,30,2.0,2.2,2.5,2.3,2.7,1.9,33%,30%,30%,지비엠
413202,(주)에스엔디테크,5.0,1,5.0,2.0,4.0,5.0,1.0,4.0,0%,0%,0%,에스엔디테크
87394,(주)크래커랩,3.0,104,3.0,2.2,2.6,3.5,3.2,2.7,42%,49%,20%,크래커랩
118731,피제이로직스(주),3.0,1,3.0,3.0,5.0,3.0,4.0,4.0,100%,100%,0%,제이로직스
241348,에코맘의산골이유식농업회사법인(주),1.5,2,1.5,3.0,2.5,1.5,2.5,1.0,0%,0%,0%,에코맘의산골이유식
135020,대륜건설산업(주),1.0,2,1.0,1.5,2.0,1.0,1.0,1.0,0%,0%,0%,대륜건설
409242,세무법인세양,1.0,2,1.0,1.0,2.5,2.5,2.0,1.0,0%,0%,0%,세무법인세양
161731,오현개발(주),0.0,0,0.0,0.0,0.0,0.0,0.0,0.0,0%,0%,0%,오현개발
47422,(주)호명테크,2.9,8,2.9,2.1,1.9,2.8,2.6,2.3,13%,50%,0%,호명테크
258777,덕양소방(유),0.0,0,0.0,0.0,0.0,0.0,0.0,0.0,0%,0%,0%,덕양소방
220036,한성볼트(주),2.7,13,2.7,2.0,3.2,2.9,2.5,1.9,15%,38%,0%,한성볼트
373682,(주)더엘스타,1.9,7,1.9,1.7,3.6,2.1,1.9,1.4,14%,14%,0%,더엘스
335035,자연주의성형외과의원,1.8,43,1.8,1.8,2.5,1.6,1.7,1.7,5%,19%,2%,연주
323134,(주)네이처글루텍,2.6,54,2.6,2.6,4.0,2.4,2.5,2.1,24%,35%,19%,네이처글루텍
328116,(주)에이모,3.1,153,3.1,2.9,3.6,3.0,2.8,2.5,47%,54%,27%,블루웨일
338445,(주)엔씨지글로벌,2.2,30,2.2,2.0,3.1,2.2,2.0,1.9,23%,40%,13%,엔씨지글로벌
35633,(주)비보존제약,2.2,141,2.2,1.9,2.5,2.4,2.3,1.8,17%,29%,6%,비보존제약
111673,창원서부쉐보레판매(주),2.7,3,2.7,3.0,3.0,3.0,3.0,3.0,33%,33%,0%,창원서부쉐보레판매
335673,(주)바이오원,2.0,4,2.0,1.3,3.0,2.3,2.5,1.8,0%,25%,0%,바이오원
330161,(주)주찬컨설팅,1.5,26,1.5,1.4,1.8,1.9,1.5,1.4,8%,15%,0%,주찬컨설팅
339206,(주)유진이엔씨,3.6,5,3.6,3.4,3.4,3.4,3.6,3.0,60%,60%,40%,유진이엔씨
325363,가우디오랩(주),3.9,13,3.9,3.9,3.6,4.0,3.8,3.6,77%,77%,54%,가우디오랩
316005,(주)알씨디에이치,2.8,4,2.8,3.0,3.3,2.8,2.8,2.5,25%,25%,50%,알씨디에이치
414474,(주)에스비일렉트릭,2.7,3,2.7,3.0,4.0,3.3,2.3,2.3,67%,0%,0%,에스비일렉트릭
400157,(주)대천농기계,0.0,0,0.0,0.0,0.0,0.0,0.0,0.0,0%,0%,0%,대천농기계
352347,(주)퍼플랩스헬스케어,2.1,197,2.1,2.3,1.9,2.1,2.2,1.9,17%,29%,16%,퍼플랩스헬스케어
324303,(주)위드플래닛,2.0,3,2.0,2.3,3.7,2.3,1.7,1.3,0%,0%,0%,위드플래닛
145435,한국에어로소프트(주),5.0,2,5.0,2.0,3.0,3.0,2.0,3.0,50%,50%,50%,한국에어로소프트
209091,신창코넥타(주),2.7,38,2.7,2.4,2.1,2.6,2.3,1.8,13%,19%,3%,신창
242977,오륙개발(주),0.0,0,0.0,0.0,0.0,0.0,0.0,0.0,0%,0%,0%,오륙개발
131812,거평건설(주),0.0,0,0.0,0.0,0.0,0.0,0.0,0.0,0%,0%,0%,거평건설
20686,에스제이엠프리웰,2.0,5,2.0,2.0,2.8,2.4,2.2,1.6,40%,40%,0%,프리웰
324725,서원이엔지,0.0,0,0.0,0.0,0.0,0.0,0.0,0.0,0%,0%,0%,서원이엔지
64101,엔티피아(주),1.6,8,1.6,2.1,2.8,3.0,2.1,1.6,0%,0%,0%,엔티피
227825,새벽건설(주),0.0,0,0.0,0.0,0.0,0.0,0.0,0.0,0%,0%,0%,새벽건설
207935,동화텔레콤(주),2.5,2,2.5,1.5,2.5,2.0,1.5,1.0,0%,0%,0%,동화텔레콤
211919,금광엠앤디(주),0.0,0,0.0,0.0,0.0,0.0,0.0,0.0,0%,0%,0%,금광엠앤디
321044,(주)포스틱,2.3,12,2.3,2.3,2.6,2.0,2.3,1.9,17%,17%,0%,포스틱
353565,(주)삼화바이오팜,1.7,46,1.7,1.7,2.6,1.9,1.8,1.3,4%,2%,0%,삼화바이오팜
378813,제스트코(주),1.5,4,1.5,1.5,2.5,1.8,1.8,1.5,0%,25%,0%,제스트코
53178,(주)케이티아이에스,2.7,1234,2.7,2.6,2.9,2.7,2.5,2.2,23%,33%,7%,이에스
358289,(주)심우식품,1.0,3,1.0,1.3,2.0,1.7,1.3,1.7,0%,0%,0%,심우
261717,서현케미칼(주),1.7,6,1.7,2.5,2.5,2.2,2.0,1.8,17%,40%,0%,서현케미칼
89009,한국전기안전공사,2.8,649,2.8,2.4,3.3,2.9,3.2,2.2,32%,36%,19%,한국전기
74106,사파이어테크놀로지(주),3.4,41,3.4,3.4,3.2,3.3,3.0,3.0,24%,70%,15%,파이어테크
335967,(주)승명이엔지,1.5,2,1.5,1.0,1.0,3.0,1.0,1.5,0%,0%,0%,승명이엔지
70941,스마일테크,3.5,2,3.5,2.0,3.0,3.0,4.5,3.0,50%,50%,50%,스마일테크
396150,(주)살루스마린시스템즈,3.0,4,3.0,2.8,2.8,3.0,2.5,3.0,50%,50%,75%,살루스
117972,(주)서한사,2.5,74,2.5,1.9,2.6,2.7,2.3,2.0,18%,23%,5%,서한사
368696,필콘미디어(주),2.5,6,2.5,1.8,3.3,2.5,2.3,1.8,0%,17%,0%,필콘미디어
43008,깨끗한나라(주),2.3,359,2.3,2.4,2.6,2.4,2.1,1.8,19%,25%,7%,나라
43416,금판영농조합법인,0.0,0,0.0,0.0,0.0,0.0,0.0,0.0,0%,0%,0%,금판영농조합법인
351177,큐브디컴퍼니(주),3.5,2,3.5,3.0,4.5,3.5,3.5,3.5,50%,50%,0%,큐브디컴퍼니
342641,씨아이이에스(주),3.4,5,3.4,3.0,2.4,3.4,3.0,3.0,40%,40%,40%,아이이에스
410450,(주)다송산업,1.0,2,1.0,2.0,1.5,1.0,2.0,1.0,0%,100%,0%,다송산업
244704,이엠엔지니어링(주),2.2,5,2.2,2.0,3.2,2.4,2.6,2.0,20%,0%,0%,이엠엔지니어링
282537,수덕베어링(주),4.0,1,4.0,4.0,2.0,2.0,4.0,4.0,0%,100%,100%,수덕
353538,(주)더스킨마스터,3.0,6,3.0,3.5,4.7,3.7,3.2,2.3,50%,50%,50%,더스킨마스터
11708,제스프로(주),3.6,8,3.6,3.4,3.5,2.9,3.4,3.6,63%,71%,63%,제스프로
39427,대원엔지니어링,2.3,8,2.3,2.0,2.1,2.6,3.1,2.6,13%,63%,38%,대원엔지니어링
90661,(재)한국공예디자인문화진흥원,2.1,147,2.1,2.2,2.7,2.1,1.7,1.7,30%,25%,3%,한국공예디자인문화진흥원
231813,상정인터내셔널(주),1.8,6,1.8,2.7,2.7,2.5,2.2,2.0,17%,17%,17%,상정인터내셔널
150563,대양아스콘(주),0.0,0,0.0,0.0,0.0,0.0,0.0,0.0,0%,0%,0%,대양아스콘
333025,(주)마루라이팅,2.2,6,2.2,1.7,2.0,1.7,2.2,1.5,0%,33%,0%,마루라이팅
321262,(주)중고나라,2.7,200,2.7,2.7,3.4,2.8,2.7,2.3,28%,39%,18%,중고나라
195496,한아름산업(주),0.0,0,0.0,0.0,0.0,0.0,0.0,0.0,0%,0%,0%,한아름산업
283956,에쓰이씨(주),0.0,0,0.0,0.0,0.0,0.0,0.0,0.0,0%,0%,0%,에쓰이씨
40059,대성나찌유압공업(주),2.3,26,2.3,2.0,2.3,2.2,2.0,1.7,8%,12%,0%,대성나찌유압공업
421930,한길이엔지(주),1.0,1,1.0,1.0,5.0,4.0,1.0,1.0,0%,0%,0%,한길이엔지
216329,한울타리종합관리(주),0.0,0,0.0,0.0,0.0,0.0,0.0,0.0,0%,0%,0%,한울타리종합관리
263080,하나아이티엠(주),2.0,84,2.0,2.0,1.8,2.4,2.3,1.8,15%,31%,14%,하나아이티
44004,그린테크(주),2.1,72,2.1,1.8,2.0,2.0,2.1,1.7,18%,25%,24%,그린테크
151755,경진토건(주),0.0,0,0.0,0.0,0.0,0.0,0.0,0.0,0%,0%,0%,경진토건
344849,(주)스타힐스코스메틱,2.3,6,2.3,2.2,3.3,2.0,2.0,2.5,33%,33%,33%,스타힐스코스메틱
284345,평산실업(주),0.0,0,0.0,0.0,0.0,0.0,0.0,0.0,0%,0%,0%,평산실업
406321,(주)비버웍스,1.9,32,1.9,1.8,1.8,2.0,1.7,1.8,34%,38%,28%,비버
129761,미래로정보기술(주),0.0,0,0.0,0.0,0.0,0.0,0.0,0.0,0%,0%,0%,미래로정보기술
176521,엠스코(주),1.7,20,1.7,2.0,1.9,2.2,2.3,1.5,10%,25%,0%,엠스코
281377,(주)본구조엔지니어링건축사사무소,1.9,7,1.9,1.1,1.9,1.1,1.9,1.4,14%,29%,14%,본구조
2378,한신기계공업(주),2.0,154,2.0,1.9,2.0,2.0,2.1,1.6,15%,13%,3%,한신기계
334632,(주)한강메디칼,3.5,2,3.5,3.0,3.5,2.5,3.0,3.0,50%,100%,50%,한강메디칼
175953,보광건설(주),2.3,4,2.3,2.3,2.8,1.8,2.0,1.8,25%,25%,0%,보광건설
255117,다온디자인(주),1.3,3,1.3,3.3,2.0,1.7,2.0,1.0,0%,0%,0%,다온디자인
373470,(주)라잇루트,0.0,0,0.0,0.0,0.0,0.0,0.0,0.0,0%,0%,0%,라잇루트
210945,태일건설(주),0.0,0,0.0,0.0,0.0,0.0,0.0,0.0,0%,0%,0%,태일건설
309582,한국자동차환경협회,2.4,41,2.4,2.7,2.7,2.3,2.6,2.0,32%,32%,10%,한국자동차환경협회
333605,(주)에스엠나노바이오,0.0,0,0.0,0.0,0.0,0.0,0.0,0.0,0%,0%,0%,에스엠나노바이오
185889,예광건설(주),0.0,0,0.0,0.0,0.0,0.0,0.0,0.0,0%,0%,0%,예광건설
349728,블루월넛(주),2.9,11,2.9,3.6,3.3,2.8,3.0,2.4,27%,27%,27%,블루월넛
230613,한산스틸플러스(주),1.0,1,1.0,1.0,1.0,2.0,1.0,1.0,0%,0%,0%,한산스틸
123953,대산기계(주),0.0,0,0.0,0.0,0.0,0.0,0.0,0.0,0%,0%,0%,대산기계
342936,담솔토건(주),4.0,1,4.0,2.0,2.0,3.0,3.0,5.0,100%,100%,100%,담솔토건
295013,대한강업(주),5.0,2,5.0,5.0,5.0,5.0,5.0,5.0,100%,100%,100%,대한강업
85399,공관프로테크,2.5,2,2.5,1.5,1.5,1.5,2.5,2.0,0%,0%,0%,공관프로테크
87072,(주)새길이엔시,3.1,23,3.1,2.5,2.9,2.9,3.1,3.2,48%,73%,13%,새길이엔시
66741,애드원엘이디,0.0,0,0.0,0.0,0.0,0.0,0.0,0.0,0%,0%,0%,애드원엘이디
372440,(주)원세미콘,2.3,28,2.3,2.4,2.3,2.2,2.1,2.0,25%,36%,18%,원세미콘
361191,(주)아이로나,4.3,3,4.3,4.3,4.3,3.7,3.0,3.7,67%,67%,67%,아이로나
125638,동승레저(주),2.0,1,2.0,1.0,3.0,2.0,1.0,1.0,0%,0%,0%,동승레저
349162,에이취디서비스(주),4.0,3,4.0,3.3,4.3,3.3,3.0,3.3,0%,67%,0%,에이취디서비스
321700,(주)다원넥스뷰,2.6,24,2.6,2.8,3.5,2.1,2.9,2.0,25%,29%,33%,다원넥스뷰
127910,제이에스메탈(주),3.0,1,3.0,2.0,4.0,3.0,2.0,2.0,0%,0%,0%,제이에스메탈
269893,장원금속(주),1.7,3,1.7,1.7,1.7,1.7,1.7,1.7,0%,33%,0%,장원금속
375989,(주)쎄슬프라이머스,1.1,7,1.1,1.0,1.1,2.3,1.6,1.1,0%,14%,0%,쎄슬프라이머스
